Email
rio@canadaintercambio.com
brasil@canadaintercambio.com
campinas@canadaintercambio.com
curitiba@canadaintercambio.com
sc@canadaintercambio.com
portoalegre@canadaintercambio.com
valedosinos@canadaintercambio.com
caxiasdosul@canadaintercambio.com
brasilia@canadaintercambio.com
bh@canadaintercambio.com
manaus@canadaintercambio.com
Atendimento@dreamsintecambios.com.br
info@travelmate.com.br
contato@centraldoestudante.com.br
contato@centraldoestudante.<wbr>com.br
contato@centraldoestudante.com.br">contato@centraldoestudante.com.br
info@newisaintercambio.com
info@newisaintercambio.com">info@newisaintercambio.com
contato@intercambiocenter.com.br
info@europaintercambio.com">info@europaintercambio.com
info@europaintercambio.com
intercambio@numberoneviagens.com.br">intercambio@numberoneviagens.com.br
intercambio@numberoneviagens.com.br
contato@wportella.com.br
mtv@mtv.tur.br
geral@inglesnarede.com.br
espellcaste@gmail.com
brazil@woori.ca
loader@2x.gif
info@worldplace.com.br
sydney@ozzystudy.com.au">sydney@ozzystudy.com.au
bondi@ozzystudy.com.au">bondi@ozzystudy.com.au
melbourne@ozzystudy.com.au">melbourne@ozzystudy.com.au
natal@ozzystudy.com.br">natal@ozzystudy.com.br
goldcoast@ozzystudy.com.au">goldcoast@ozzystudy.com.au
perth@ozzystudy.com.au">perth@ozzystudy.com.au
saopaulo@ozzystudy.com.br">saopaulo@ozzystudy.com.br
curitiba@ozzystudy.com.br">curitiba@ozzystudy.com.br
portoalegre@ozzystudy.com.br">portoalegre@ozzystudy.com.br
brasilia@ozzystudy.com.br">brasilia@ozzystudy.com.br
floripa@ozzystudy.com.br">floripa@ozzystudy.com.br
santamaria@ozzystudy.com.br">santamaria@ozzystudy.com.br
bondi@ozzystudy.com.au
melbourne@ozzystudy.com.au
natal@ozzystudy.com.br
goldcoast@ozzystudy.com.au
perth@ozzystudy.com.au
saopaulo@ozzystudy.com.br
curitiba@ozzystudy.com.br
portoalegre@ozzystudy.com.br
contato@wice.com.br
suporte@wicedublin.com
info@grupoatenea.com">info@grupoatenea.com
info@grupoatenea.com
rh@stb.com.br
dcisneros@stb.com.br
rcastro@stb.com.br
juizdefora@stb.com.br
santos@stb.com.br
cambio@ie.com.br
maceio@ieintercambio.com.br
manaus@ieintercambio.com.br
salvador@ieintercambio.com.br
fortaleza@ieintercambio.com.br
linhares@ieintercambio.com.br
vix@ieintercambio.com.br
saoluis@ieintercambio.com.br
campogrande@ieintercambio.com.br
bh@ieintercambio.com.br
itauna@ieintercambio.com.br
belem@ieintercambio.com.br
barra@ieintercambio.com.br
rjcentro@ieintercambio.com.br
ipanema@ieintercambio.com.br
jacarepagua@ieintercambio.com.br
macae@ieintercambio.com.br
niteroi@ieintercambio.com.br
petropolis@ieintercambio.com.br
natal@ieintercambio.com.br
caxiasdosul@ieintercambio.com.br
portoalegre@ieintercambio.com.br
bauru@ieintercambio.com.br
campinas@ieintercambio.com.br
saocarlos@ieintercambio.com.br
jundiai@ieintercambio.com.br
moema@ieintercambio.com.br
morumbi@ieintercambio.com.br
paraiso@ieintercambio.com.br
paulista@ieintercambio.com.br
piracicaba@ieintercambio.com.br
santana@ieintercambio.com.br
sbc@ieintercambio.com.br
sjc@ieintercambio.com.br
sorocaba@ieintercambio.com.br
taubate@ieintercambio.com.br
vilaolimpia@ieintercambio.com.br
parcerias@ieintercambio.com.br
cabofrio@ieintercambio.com.br
higienopolis@ieintercambio.com.br
recife@ieintercambio.com.br
varginha@ieintercambio.com.br
paulista@ieintercambio.com.br">').
qualidade@ie.com.br
rh@expomundi.com.br
